{"distortion": [[-0.4092175376376976, 0.20110379302676282, 0.010765021368122569, 0.011352847676963393, -0.12969026045144874]], "camera_matrix": [[1453.5938871290832, 0.0, 863.7686117284267], [0.0, 1449.4934883076555, 454.4636861513799], [0.0, 0.0, 1.0]]}